-- noinspection SqlResolveForFile

-- noinspection SqlNoDataSourceInspectionForFile

INSERT INTO Users(id, username, firstName, lastName, email, password, phoneNumber, role)
VALUES ('03364a8a-d21e-4a66-ad22-1a4757ac3388', 'seanbailey', 'Sean', 'Bailey', 'sean@seanbailey.io', 'password', '12345678', 'IT_STAFF'),
       ('3d2e4cb2-6fa6-49c2-bf55-631623524b78', 'adamcrocker', 'Adam', 'Crocker', 'adam@seanbaily.io','password','00000000', 'USER'),
       ('eb72ee3d-3a32-4859-8a8b-e4da683efe75', 'jacobnolan', 'Jacob', 'Nolan', 'jacob@seanbaily.io','password', '87654321', 'IT_STAFF'),
       ('fc274a9d-2f65-444d-a7cd-52fd49f050b0', 'jackparkes', 'Jack', 'Parkes', 'jack@seanbaily.io', 'password', '12348765', 'USER');

INSERT INTO Issues (id, authorId, state, category, subCategory, title, body, createdAt, updatedAt)
VALUES ('d6ed113e-3b5a-473d-a33c-2f9def2aff4a', '03364a8a-d21e-4a66-ad22-1a4757ac3388', 'NEW', 'SOFTWARE', 'WONT_LOAD', 'My Microsoft Word is broken.', 'Idk what happened. It just won''t start up.', '2018-06-8 13:30:00', '2018-06-12 13:30:00'),
       ('db197273-811d-4fb1-9d0c-5f02e356a0b8', '3d2e4cb2-6fa6-49c2-bf55-631623524b78', 'IN_PROGRESS', 'HARDWARE', 'BLUE_SCREEN', 'My computer wont turn on', 'Please send IT immediately', '2018-06-6 13:30:00', '2018-06-12 13:30:00'),
       ('ea38e8ae-8130-4cd7-a7c8-217f52219515', 'fc274a9d-2f65-444d-a7cd-52fd49f050b0', 'NEW', 'ACCOUNT', 'PASSWORD_RESET', 'Lorem ipsum dolor sit amet, consectetur adipiscing elit. Phasellus pulvinar cursus urna.', 'In posuere tortor aliquam mi feugiat scelerisque at ac magna. Fusce mattis, leo et dictum consequat, turpis massa viverra turpis, in viverra nulla velit in ante. Integer et mattis lorem, quis congue nisi. Phasellus suscipit consectetur nulla facilisis fringilla. Morbi leo eros, faucibus a velit in, vulputate mollis orci. Aliquam facilisis luctus ante, cursus consequat nibh interdum a. Aenean egestas mauris sit amet mi placerat, sit amet viverra dolor accumsan. Curabitur rhoncus arcu mauris, ac porttitor metus semper ut. Integer sed ligula turpis. Class aptent taciti sociosqu ad litora torquent per conubia nostra, per inceptos himenaeos. Vivamus ultricies, dui id porttitor mattis, lorem ante ultricies erat, quis feugiat ligula odio quis lectus. Mauris lacinia ac sem non sollicitudin. Fusce justo diam, pulvinar vitae aliquam vestibulum, efficitur non urna.', '2018-06-8 13:30:00', '2018-07-12 13:30:00'),
       ('4d32aea9-c441-41b0-bb04-1ef563ae1c77', 'fc274a9d-2f65-444d-a7cd-52fd49f050b0', 'IN_PROGRESS', 'EMAIL', 'SPAM', 'Morbi semper fringilla leo id scelerisque', 'Fusce efficitur est pulvinar ipsum gravida egestas. Nulla semper lacus in lacus vulputate, id fermentum nibh bibendum. Nam interdum faucibus mauris, a vestibulum mi convallis at. Sed scelerisque, magna sed volutpat efficitur, neque sapien dapibus tellus, non sodales orci libero in lectus. Aliquam aliquam diam justo, nec varius tortor fermentum quis. Mauris in fermentum velit.', '2018-06-8 13:30:00', '2018-08-1 13:30:00'),
       ('2af488f9-caee-4217-9eb8-f19808f95424', '3d2e4cb2-6fa6-49c2-bf55-631623524b78', 'NEW', 'NETWORK', 'SPEED', 'Sed eget dui feugiat mauris pharetra sodales', 'Ut condimentum sit amet massa egestas ultrices. Integer non laoreet orci, in eleifend odio. Curabitur non placerat nulla. Mauris euismod lectus in massa dignissim blandit sed ac tortor. Suspendisse potenti. Cras sit amet quam eget dolor suscipit efficitur. Etiam ultricies quis nunc vel pharetra. Integer quis mattis purus. Curabitur faucibus purus vitae lorem euismod, eu sodales leo blandit. Praesent elementum congue risus at ullamcorper. Morbi ac dapibus leo.', '2018-06-1 13:30:00', '2018-06-9 13:30:00');
--one warning ^

INSERT INTO Issues(id, authorId, state, category, subCategory, title, body, createdAt)
VALUES ('0a776794-1672-420d-8849-0f221d116190', 'fc274a9d-2f65-444d-a7cd-52fd49f050b0', 'IN_PROGRESS', 'NETWORK', 'SPEED', 'Interdum et malesuada fames ac ante ipsum primis in faucibus', 'Nam nec fringilla sapien, eu scelerisque lorem. Ut mollis aliquet risus ac viverra. Donec egestas dapibus pharetra. Nam pellentesque dolor at mauris elementum sagittis. Curabitur mollis aliquam urna, at lacinia lectus ultrices et. Fusce viverra blandit tellus, vel fringilla diam lobortis quis. Etiam libero lectus, scelerisque in elit vitae, tincidunt ornare est. Morbi mattis viverra tellus, et dapibus nulla consectetur sed. Sed sollicitudin eget sem id posuere. Cras egestas lacus ex, mattis laoreet urna ullamcorper id. Phasellus dolor quam, tincidunt id nisi a, condimentum tincidunt nisl. Integer non vestibulum nisl, sed placerat nisl. Nulla laoreet erat id efficitur placerat. Aenean auctor justo libero. Aliquam in odio a velit viverra porttitor.', '2018-07-1 13:30:00'),
       ('d9563a71-1421-447d-9804-969978260092', 'fc274a9d-2f65-444d-a7cd-52fd49f050b0', 'NEW', 'NETWORK', 'CONSTANT_DROPOUTS', 'Mauris vehicula nisi nibh, vel suscipit erat vehicula in', 'Pellentesque eget risus ultricies, congue arcu vitae, hendrerit justo. Phasellus dignissim felis et elit mollis vehicula. Sed a ullamcorper erat, varius laoreet risus. In tempor dignissim lobortis. Mauris sagittis urna non nisl lobortis, eu fringilla dui dictum. Aenean tristique ex ac augue dictum vestibulum. Curabitur tempus iaculis enim vel tincidunt. Proin eu ligula quis metus sagittis ullamcorper eget eu urna. Nullam eget justo vitae tellus lobortis aliquet sollicitudin nec ex.', '2018-01-8 13:30:00'),
       ('af62e3eb-2def-4fd4-adc8-08e1c3ba58ff', '3d2e4cb2-6fa6-49c2-bf55-631623524b78', 'IN_PROGRESS', 'SOFTWARE', 'WONT_LOAD', 'Mauris ac aliquet velit', 'Ut faucibus justo rutrum, efficitur lorem sit amet, lacinia felis. Duis et quam risus. Curabitur diam velit, egestas eu tortor nec, blandit imperdiet felis. Phasellus iaculis lorem nec arcu consectetur, ac efficitur neque fringilla. Orci varius natoque penatibus et magnis dis parturient montes, nascetur ridiculus mus. Nulla vestibulum scelerisque velit sit amet lacinia. Sed bibendum ac diam in cursus. Vivamus cursus ligula vitae tellus feugiat elementum. Nam et nisi arcu. Duis et felis ac nunc molestie mattis sit amet posuere magna.', '2018-04-13 13:30:00'),
       ('184c461d-8807-4523-bb5d-bc2547a1a339', 'fc274a9d-2f65-444d-a7cd-52fd49f050b0', 'IN_PROGRESS', 'OTHER', 'OTHER', 'Mauris dapibus orci sit amet nunc varius posuere', 'Phasellus egestas, nisi nec pulvinar mollis, libero sem vestibulum orci, sit amet pretium lacus ante sed turpis. Cras faucibus turpis quis condimentum lobortis. Etiam eu est luctus, laoreet quam quis, pulvinar risus. Etiam mauris tellus, ullamcorper at arcu nec, vestibulum sollicitudin tellus. Nam pulvinar consequat tristique. Ut vitae nisi nec arcu mollis pulvinar vel vitae enim. Pellentesque habitant morbi tristique senectus et netus et malesuada fames ac turpis egestas.', '2017-01-1 13:30:00'),
       ('e1ee9260-2082-4013-a7b6-f2b44315938c', '03364a8a-d21e-4a66-ad22-1a4757ac3388', 'NEW', 'NETWORK', 'CANT_CONNECT', 'Nam dapibus rutrum tincidunt. Sed sed purus ac neque tempus sagittis.', 'Aenean non nibh ac sapien viverra pretium. Nullam suscipit tempus feugiat. Cras imperdiet, diam nec malesuada viverra, lorem odio fringilla nisl, vel cursus lectus velit a mi. Duis fermentum accumsan auctor. Donec purus metus, sollicitudin quis felis venenatis, lacinia rhoncus tellus.', '2018-07-3 13:30:00');

INSERT INTO Articles (id, title, body, answer, helpfulness, category, subCategory, publisher)
VALUES ('f31a1c3e-d526-4de3-aa42-b6f5770c4068', 'Quisque interdum ipsum congue lorem rhoncus vehicula. Suspendisse consequat.', 'Donec luctus eros vel dui venenatis, at placerat nisl commodo. Nullam varius, ante non lacinia elementum, massa neque hendrerit ex, id aliquet tortor metus at lorem. Quisque mattis ipsum luctus egestas lacinia. Maecenas et pellentesque lectus. Aenean et purus felis. Morbi ut augue pulvinar, tempus diam in, rhoncus augue. Phasellus sed iaculis est. Class aptent taciti sociosqu ad litora torquent per conubia nostra, per inceptos himenaeos. Praesent ultrices erat non risus rutrum, eget posuere metus blandit. Integer blandit vel arcu eu dictum. Pellentesque sit amet consequat velit. Quisque eget ligula et massa tempus suscipit. Nam tempus tortor ante, at tristique ligula gravida id. Mauris vulputate augue ligula, eu sollicitudin odio molestie eget.', 'Pellentesque mattis at turpis ac aliquet. Nulla facilisi. Phasellus ac velit convallis, pulvinar ipsum vitae, pellentesque urna. Vestibulum condimentum scelerisque sem, non maximus ante vestibulum sit amet. Proin maximus risus urna, ac cursus odio pharetra sagittis. Morbi finibus ac odio in scelerisque. Curabitur efficitur nibh sit amet justo feugiat maximus non viverra risus. Quisque quis sagittis massa, id feugiat libero. Integer porta lectus nisl, sit amet egestas dui commodo et. Aliquam lobortis molestie quam quis mollis. Cras nulla elit, viverra id nibh ac, viverra dapibus libero. Nullam eget velit laoreet, rhoncus felis in, dictum nisi. Fusce venenatis massa a dignissim molestie. Fusce faucibus lorem eget ex suscipit tincidunt. Cras eu feugiat ante, et aliquam leo. Fusce diam dui, sagittis in enim ut, iaculis convallis orci.', 20, 'SOFTWARE', 'WONT_BOOT', 'Sean Bailey'),
       ('80b63a6c-032b-4d02-a6a2-1cb5eef31c4c', 'Posting Issue', 'How do I post a Issue', 'Sed lacinia metus eget ante bibendum bibendum. Cras in elit malesuada, luctus odio in, feugiat nibh. Proin nec sapien quam. Curabitur accumsan neque eget placerat ultrices. Pellentesque habitant morbi tristique senectus et netus et malesuada fames ac turpis egestas. Praesent placerat, felis vitae ullamcorper pharetra, nisl ligula vehicula ante, eget volutpat lacus neque sed ante. Integer consectetur ultrices tortor quis molestie. Mauris egestas congue ante at faucibus. Quisque pellentesque tortor non finibus tincidunt. Proin rutrum purus convallis consequat dapibus.', 5, 'NETWORK', 'CANT_CONNECT', 'Sean Bailey'),
       ('414f5672-6e97-417a-93e3-f375ca4dded9', 'Phasellus nec elementum nisi, nec posuere justo', 'Phasellus sit amet lorem ut quam accumsan elementum vel ac enim', 'In sollicitudin, justo eu scelerisque fermentum, risus ipsum fermentum felis, non viverra quam lorem eu massa. Nullam efficitur, diam eget pharetra eleifend, quam ante interdum metus, vulputate accumsan sapien lorem sit amet elit. Nam ullamcorper rhoncus arcu eget auctor. Nullam non libero feugiat sem dictum porta. Mauris a porttitor purus.', 17, 'SOFTWARE', 'WONT_BOOT', 'Sean Bailey'),
       ('389f8c3c-4744-408b-a45c-3fd4ce414e5a', 'Phasellus imperdiet blandit turpis', 'id euismod leo tempus nec', 'Cras in erat sit amet quam malesuada rhoncus. Phasellus sed nulla ex. Pellentesque malesuada hendrerit consectetur. Praesent ut pellentesque turpis. Vestibulum vel interdum dui. Mauris pellentesque condimentum neque non egestas. Mauris non consequat leo. Cras auctor lacinia lacus, in auctor metus cursus eget. In interdum vehicula vulputate. Proin purus dolor, lobortis a mauris a, tincidunt viverra odio. Ut ultricies elementum rhoncus. Etiam ullamcorper at odio ac tempor. Proin metus elit, fringilla eu mi quis, cursus dapibus magna. Donec et imperdiet dui.', 10, 'EMAIL', 'SPAM', 'Sean Bailey'),
       ('69c59a11-96cc-4a83-955d-204f38e343ad', 'Cras non consequat quam, sit amet euismod felis', 'Nunc molestie ligula mattis mollis porta', ' Interdum et malesuada fames ac ante ipsum primis in faucibus. Maecenas in cursus tortor. Donec mollis laoreet nunc nec dapibus. Nullam venenatis ullamcorper eros vel varius. Donec finibus urna erat, elementum rutrum felis suscipit nec. Proin ut gravida tellus, quis vehicula velit. Morbi sit amet quam augue. Duis finibus gravida magna, vel semper augue. Cras euismod fermentum sodales. Vestibulum rutrum imperdiet quam a volutpat.', 300, 'SOFTWARE', 'WONT_LOAD', 'Sean Bailey'),
       ('e7f41ce0-28eb-4642-a480-bd9c60d03901', 'Donec risus lorem, pretium ut sapien at, volutpat pretium orci','Phasellus id ligula eros. Suspendisse a ante sapien. Vivamus elementum, urna vitae ultrices commodo, arcu metus egestas tellus, vulputate ullamcorper tortor nibh at erat. Nunc cursus pulvinar neque, vel pellentesque orci iaculis eget. Sed ultrices mauris vitae ipsum ultricies porta. Phasellus suscipit velit a blandit rhoncus. Aliquam ante leo, pulvinar fermentum arcu at, tempor volutpat felis. Donec et hendrerit orci. Vivamus non pulvinar nulla. Donec ut maximus libero. Donec aliquet suscipit erat vitae malesuada. Fusce bibendum non eros vitae porttitor.','Nullam commodo, lectus nec facilisis feugiat, nulla dolor condimentum enim, lobortis accumsan odio felis in ligula. Cras rhoncus vehicula neque vitae laoreet. Nullam eu luctus urna. Donec in condimentum eros. Cras vel ullamcorper nisi, ac mattis risus. Nam sit amet dui id diam malesuada accumsan. Lorem ipsum dolor sit amet, consectetur adipiscing elit. Proin blandit molestie sem in ultrices. Cras nec posuere dolor, non facilisis erat. Vivamus ut sapien sit amet lectus bibendum porttitor.', 9001, 'EMAIL', 'SPAM', 'Jacob Nolan');

INSERT INTO MaintenanceEvents (id, title, startAt, finishAt)
VALUES ('f31a1c3e-d526-4de3-aa42-b6f5770c4054','Donec sollicitudin magna vitae congue finibus','2016-06-1 07:27:39','2018-07-1 07:27:39'),
	     ('f31a2c3e-d526-4de3-aa42-b6f5770c4054','Sed lacinia metus eget ante bibendum bibendum. Cras in elit malesuada, luctus odio in, feugiat nibh.','2018-06-1 07:27:39','2018-07-1 07:27:39'),
	     ('f31a3c3e-d526-4de3-aa42-b6f5770c4054','Phasellus facilisis, libero nec efficitur cursus, odio ligula maximus dui, quis bibendum nisl tortor at sem.','2018-06-1 07:27:39','2018-07-1 07:27:39'),
	     ('f34a1c3e-d526-4de3-aa42-b6f5770c4054','Proin massa ante, faucibus id malesuada blandit, ullamcorper non mi.','2018-06-1 07:27:39','2018-06-20 07:27:39');

INSERT INTO Comments (id, authorId, issueId, body, edited, createdAt)
VALUES ('afd5c316-3ae4-47df-96fa-a4e6c953ae1d','03364a8a-d21e-4a66-ad22-1a4757ac3388','db197273-811d-4fb1-9d0c-5f02e356a0b8','Phasellus at imperdiet quam. Nullam aliquet molestie mi. Nulla ornare neque lacus, eget convallis erat convallis eu. Vestibulum a porttitor mi, a laoreet tortor. Aenean gravida odio lacinia sem cursus tincidunt. Phasellus malesuada justo nunc, sit amet imperdiet leo faucibus sed. Aenean ut imperdiet lectus.',0,'2018-06-6 14:30:00'),
        ('e417f81d-2a13-48dc-afa5-334311ac0f4c','3d2e4cb2-6fa6-49c2-bf55-631623524b78','db197273-811d-4fb1-9d0c-5f02e356a0b8','Phasellus non massa et tellus sollicitudin volutpat. Integer vulputate purus non sapien aliquet fermentum. Nunc vehicula lorem ante, eget imperdiet turpis condimentum a. Quisque eleifend quis purus quis aliquet. Interdum et malesuada fames ac ante ipsum primis in faucibus. Duis ac nisi id lorem semper fringilla non non mauris. Morbi bibendum tortor et sem dapibus imperdiet. Nam tempus, tortor sed fringilla ullamcorper, velit est bibendum diam, et sodales est ex in neque. Aenean accumsan lobortis ultricies. Cras pulvinar laoreet enim, eget porta metus accumsan a. Mauris blandit magna in enim maximus pharetra. Suspendisse vitae diam id ex interdum rhoncus. Donec maximus tempus dolor nec finibus. Integer fermentum, dui ut vehicula suscipit, diam massa aliquet massa, sit amet pulvinar nisl leo quis sem.',0,'2018-06-6 14:45:00'),
        ('90394d05-146d-4f55-abc4-bfb95f6b6f32','eb72ee3d-3a32-4859-8a8b-e4da683efe75','4d32aea9-c441-41b0-bb04-1ef563ae1c77','Curabitur nisi arcu, dapibus at finibus eu, dignissim at libero. Nulla metus dolor, blandit quis auctor a, rhoncus id tellus. Praesent leo tellus, volutpat a augue vel, cursus fringilla massa. Cras sit amet sem sollicitudin, suscipit justo in, mollis nunc. Maecenas euismod dictum ante. Nunc egestas diam sit amet feugiat varius. Vestibulum quis tincidunt nisi. Praesent posuere, nulla eget rhoncus auctor, lectus urna vestibulum tellus, in malesuada velit augue feugiat erat. Suspendisse consectetur rutrum luctus. Aliquam scelerisque, metus sit amet aliquam porttitor, turpis ligula ultrices orci, non luctus dolor leo a mi. Donec vel augue ac arcu imperdiet molestie. Proin auctor non lacus in vehicula. Phasellus id commodo mauris. Etiam congue facilisis tincidunt. Phasellus ultrices, libero vitae auctor euismod, velit libero aliquam purus, convallis feugiat magna tellus non ligula.',0,'2018-06-6 14:45:00'),
        ('0e05d386-003b-4801-ba44-e9c0da10015e','fc274a9d-2f65-444d-a7cd-52fd49f050b0','4d32aea9-c441-41b0-bb04-1ef563ae1c77','Quisque interdum ipsum congue lorem rhoncus vehicula. Suspendisse consequat, urna eget pretium aliquam, diam elit suscipit lectus, vel pellentesque tellus ante ut tortor. Donec luctus eros vel dui venenatis, at placerat nisl commodo. Nullam varius, ante non lacinia elementum, massa neque hendrerit ex, id aliquet tortor metus at lorem.',0,'2018-06-6 15:45:00'),
        ('5a8d8678-3145-4d82-887c-5864f53ab96a','eb72ee3d-3a32-4859-8a8b-e4da683efe75','4d32aea9-c441-41b0-bb04-1ef563ae1c77','Quisque mattis ipsum luctus egestas lacinia. Maecenas et pellentesque lectus. Aenean et purus felis. Morbi ut augue pulvinar, tempus diam in, rhoncus augue. Phasellus sed iaculis est. Class aptent taciti sociosqu ad litora torquent per conubia nostra, per inceptos himenaeos. Praesent ultrices erat non risus rutrum, eget posuere metus blandit. Integer blandit vel arcu eu dictum. Pellentesque sit amet consequat velit. Quisque eget ligula et massa tempus suscipit. Nam tempus tortor ante, at tristique ligula gravida id. Mauris vulputate augue ligula, eu sollicitudin odio molestie eget.',0,'2018-06-6 15:55:00'),
        ('1c975701-0a9f-4959-b4a7-ce393191df02','03364a8a-d21e-4a66-ad22-1a4757ac3388','0a776794-1672-420d-8849-0f221d116190','Pellentesque mattis at turpis ac aliquet. Nulla facilisi. Phasellus ac velit convallis, pulvinar ipsum vitae, pellentesque urna. Vestibulum condimentum scelerisque sem, non maximus ante vestibulum sit amet. Proin maximus risus urna, ac cursus odio pharetra sagittis. Morbi finibus ac odio in scelerisque. Curabitur efficitur nibh sit amet justo feugiat maximus non viverra risus. Quisque quis sagittis massa, id feugiat libero. Integer porta lectus nisl, sit amet egestas dui commodo et. Aliquam lobortis molestie quam quis mollis. Cras nulla elit, viverra id nibh ac, viverra dapibus libero.',0,'2018-06-6 14:30:00'),
        ('7ea28a4b-c1df-42ba-ad21-c426fd634f32','eb72ee3d-3a32-4859-8a8b-e4da683efe75','af62e3eb-2def-4fd4-adc8-08e1c3ba58ff','Nullam eget velit laoreet, rhoncus felis in, dictum nisi. Fusce venenatis massa a dignissim molestie. Fusce faucibus lorem eget ex suscipit tincidunt. Cras eu feugiat ante, et aliquam leo. Fusce diam dui, sagittis in enim ut, iaculis convallis orci.',0,'2018-06-6 14:30:00'),
        ('fa90c114-9433-48b2-a134-73ce410fa9fc','3d2e4cb2-6fa6-49c2-bf55-631623524b78','af62e3eb-2def-4fd4-adc8-08e1c3ba58ff','Phasellus vel enim sed purus egestas lobortis. Morbi magna orci, cursus consequat erat non, pretium fringilla ipsum. In hac habitasse platea dictumst. Cras iaculis rhoncus massa, in viverra elit venenatis eu. Sed purus elit, consequat at est luctus, sodales interdum magna. Aliquam imperdiet sapien eros, quis blandit lectus pellentesque ut. Pellentesque commodo elit sit amet ex gravida pharetra. Fusce condimentum ligula vel tortor sollicitudin, ac placerat purus varius. Ut faucibus dolor orci. Sed at convallis quam, sed tincidunt est. Duis eget magna id nisi imperdiet molestie nec non ligula. Etiam et mauris blandit, tincidunt est at, auctor justo. Donec tempus pulvinar ante, sed interdum turpis fringilla sed. Phasellus sed nisi nec nisi interdum sodales quis ac ex.',0,'2018-06-6 14:35:00'),
        ('6524d249-8cd4-4dcf-9f00-d29482f5ffd1','eb72ee3d-3a32-4859-8a8b-e4da683efe75','af62e3eb-2def-4fd4-adc8-08e1c3ba58ff','Cras efficitur tortor ullamcorper vehicula pretium. Donec porttitor varius dolor nec tincidunt. Integer eu leo vel risus lobortis cursus id eget purus.',0,'2018-06-6 14:40:00'),
        ('a76c6e57-bea9-40a7-8cb0-ca1d377636d8','3d2e4cb2-6fa6-49c2-bf55-631623524b78','af62e3eb-2def-4fd4-adc8-08e1c3ba58ff','Praesent vitae eros nunc. Pellentesque habitant morbi tristique senectus et netus et malesuada fames ac turpis egestas. Aenean tincidunt, nisi eu vestibulum rutrum, arcu ante vulputate lacus, a scelerisque massa dui sed ex. Cras vulputate, arcu in consequat viverra, mauris diam consectetur nulla, sit amet posuere sapien arcu vel ante.',0,'2018-06-6 14:45:00'),
        ('decd6c9f-6aff-49e5-9d16-6664fc0147a7','03364a8a-d21e-4a66-ad22-1a4757ac3388','184c461d-8807-4523-bb5d-bc2547a1a339','Vestibulum ante ipsum primis in faucibus orci luctus et ultrices posuere cubilia Curae; Morbi nec ligula ac purus maximus pellentesque a eget quam. Donec tincidunt eros lectus, at blandit ligula rhoncus eget.',0,'2018-06-6 14:45:00');
